4.00,2.2751167552457607,0.009496539640138336,2.0098635681309314,3.9718170983191055
4.00,0.5155155186800878,0.01431958152457894,0.29440618200031055,3.9762795031913947
4.00,8.159730962170261,0.02040538408624134,8.010862937287094,3.9748172992604323
4.00,12.13730837902292,0.003330966363394038,11.987217671336413,3.9751531181201054
4.00,6.2515650540484655,0.024823280433191014,6.029174642934139,3.971013984173312
4.00,16.0327284893277,0.032097194884188766,16.141664451040977,3.9741235904913683
4.00,4.2911282024661075,0.016222283303713367,4.028290580382701,3.970129256397076
4.00,10.336702810858014,0.055584897653661,10.02262097706982,3.977580601006094
4.00,14.005821111238,0.05830348624901484,13.973939136836112,3.9650445851843834
4.00,57.53520683025308,0.06578115211171458,58.52482550166211,3.985936754703968
4.00,39.75135477251059,0.051721899686946564,40.17949889247003,3.982171384747271
4.00,91.05540095870205,0.09811205253951029,92.48244117128397,3.9813572356044618
4.00,88.99443672921358,0.051134253226456185,90.61439110317963,3.9710278345158954
4.00,77.34957175059213,0.07031540749196949,78.54903070694125,3.9721723197137355
4.00,67.42691395132955,0.09334034978741777,68.55356992892492,3.9689299959182955
4.00,73.2645258634764,0.029819160149335503,74.57939561299756,3.9703766115445527
4.00,75.24100726997214,0.059639989987941136,76.58140080985723,3.9732939971137298
4.00,71.35459480650142,0.029560506547812764,72.50883480652547,3.9774522074438554
4.00,69.38102244129874,0.08710325405905213,70.5425481535789,3.9757860779347776
4.00,45.70574799737994,0.008949835101265485,46.2948334050356,3.973875839467056
4.00,41.56089290125996,0.06089359546177019,42.17883651785573,3.9791985295408425
4.00,98.75118851341739,0.0775180705999011,100.57534961410774,3.9782650348487345
4.00,96.97565829404047,0.08578414121664531,98.55617371897613,3.968076446781236
4.00,94.897354933831,0.07572099569771336,96.51890109584755,3.976278748717197
4.00,43.70969143107739,0.015972667236025813,44.344324326795196,3.964809319185476
4.00,37.70091204135518,0.07399406450541321,38.123050359985626,3.973693834142233
4.00,35.74636528725683,0.05530540870856914,36.160087026305675,3.9834681732756447
4.00,31.781219591922525,0.016594413902090856,32.28519891142069,3.9693094881225877
4.00,33.634789722659185,0.02473835249131144,34.15372733136165,3.972476832846228
4.00,65.51294700286348,0.08112316422229535,66.61865279334309,3.9827708241248327
4.00,61.41827964865183,0.03243159586953024,62.499381396938645,3.973994519057619
4.00,63.43829029064387,0.09632679566195483,64.46203785950301,3.974999426100587
4.00,93.00384914749496,0.02615166663845251,94.53956091565583,3.974204896894472
4.00,87.11885319062688,0.07128111642359253,88.63696393153366,3.964377433784528
4.00,83.15755738355955,0.06593906988652479,84.57388175435723,3.966907840182325
4.00,85.23358443492212,0.06800942164954403,86.61718851864795,3.9685382463194174
4.00,27.946246505568507,0.016226082909980538,28.18730775987661,3.974351810358514
4.00,29.79838072362322,0.044866619549556966,30.075313277670112,3.974872663054755
4.00,23.920650009458353,0.02547694821081832,24.07873968229027,3.979820292739359
4.00,25.91567413024404,0.05960240016943136,26.17799544106653,3.975869802634387
4.00,59.47877436531455,0.06419188820047426,60.341488214991855,3.9725304671581814
4.00,55.49258824383667,0.037013213401548825,56.399056064795985,3.985210416339393
4.00,53.440314136427006,0.041084298907237284,54.39817666981128,3.9870633538357527
4.00,19.88178653787179,0.02277249542433948,19.978912476658984,3.975279636390376
4.00,21.952558720454434,0.02643136287366535,22.026743829944543,3.969040761002588
4.00,79.18199653330295,0.08087003062338571,80.52759775381358,3.972383030058909
4.00,81.1745557425478,0.0803373882278085,82.49189763243417,3.965829681479022
4.00,49.688702941413155,0.026423262132792787,50.36227879077753,3.9756269395530563
4.00,51.516278737890225,0.0243206487890338,52.33903490703664,3.9683745334204534
4.00,47.729897339089256,0.03833776599852699,48.37583074222085,3.9666271015183665
4.00,18.137712998404734,0.01776334878502907,18.053667736778586,3.972574157583468
6.00,96.7738615923742,0.47480998152385917,98.41141651251648,6.00134705711976
6.00,94.81325653125991,0.4581914408010475,96.52997325151136,5.998847555989399
6.00,98.79919383843675,0.46670383487006173,100.55882345672109,6.001096004064591
6.00,90.85399334234022,0.4031941754934655,92.57385659569337,6.003894631820248
6.00,92.75186982616576,0.4288786345561072,94.58826584697226,6.002656828438554
6.00,88.87448547671036,0.43900044525054394,90.47046161593298,6.010655080771147
6.00,69.22655595940044,0.45711178650716233,70.4791375160054,5.992088805249803
6.00,59.41402338673926,0.41627251927401404,60.41851827047731,6.001550049778806
6.00,86.90570140064172,0.4403441751104594,88.5494134650253,6.005149123876942
6.00,49.542735592617404,0.43728789040708604,50.38526198205186,5.989045124224729
6.00,47.57437571844742,0.40460379375314015,48.34334054448451,5.992392739966232
6.00,27.75046745101783,0.42817092306165394,28.155874276072478,5.996047781664185
6.00,57.34225732389684,0.4434306695155311,58.41378647203072,6.004595635844265
6.00,53.39399240551319,0.3770151985808231,54.33465652785522,6.001646274148452
6.00,55.40231064675914,0.43509926340842575,56.36659072535787,5.9949929733069744
6.00,51.365686503735155,0.44212132110229907,52.36073337912677,5.996443862824032
6.00,23.842533258601108,0.3209360736640651,24.120923619339287,5.9946983035011865
6.00,25.728159275150254,0.4122535507576675,26.11607882966928,5.996701364083424
6.00,21.759075584971434,0.3666605394256041,22.05461835137938,5.992503587817032
6.00,84.99075098576904,0.4610215325943301,86.5340702230919,5.999656615173905
6.00,43.59040748834541,0.45464656434874895,44.43709570842811,5.991001439659316
6.00,45.51173475050143,0.45353448375410393,46.37208589226928,5.998655641058253
6.00,19.930522446739825,0.32841055664119406,20.03584335010633,6.0028183172573195
6.00,17.908534976373694,0.44743386150894376,18.013625572049616,5.992657298728169
6.00,16.0001910144848,0.35238834208886183,16.027168096313833,6.000746786859116
6.00,82.9936012593742,0.4557050622494396,84.60235546366306,6.002201200393069
6.00,81.01399061273307,0.47528336133255317,82.5689728348367,6.003006309342011
6.00,78.96347256801717,0.44662478346436385,80.55938647978893,5.997845696581399
6.00,77.09508658144175,0.4409174509444634,78.46390746706412,5.991811057601867
6.00,14.039615379347111,0.394028006937914,14.015646613695708,6.0046465757777945
6.00,10.072376829725942,0.3242545432990842,9.963304860838093,5.9952992210564435
6.00,11.98884201299275,0.37499552121348834,11.923014837384882,5.997697787484795
6.00,8.18593162459228,0.3859250138731718,7.953430372329916,6.00565054760931
6.00,6.1157297193384865,0.3522963494481211,5.950164388485414,5.9998987699793735
6.00,39.50446216884873,0.35169705402527696,40.154563330336444,5.9989060461054065
6.00,41.31654730552881,0.40886472178187916,42.210590070058245,5.98884988958648
6.00,37.57845501414341,0.40162081866161004,38.21789167065604,5.992538026579389
6.00,35.60714140098865,0.40975517533148686,36.014894401483396,6.0071004860914385
6.00,73.09548344460141,0.42777182648541495,74.5955159510275,6.000790260457368
6.00,75.14148687642532,0.48412618010613734,76.48957314562556,6.0036966320759415
6.00,71.13497223588408,0.4355211544395467,72.49800773124736,5.986086430214653
6.00,65.32364120286009,0.4125922865220107,66.50490226291593,6.001043700890704
6.00,67.26992362861726,0.37322159995222465,68.62371783865983,5.998401307848617
6.00,31.61565563530195,0.41006456728278823,32.12762917256734,6.00090207802127
6.00,33.611544612677356,0.3751628408645069,34.09219563367839,6.004347008626333
6.00,2.2115842031222774,0.29618290822481924,2.0870980151875953,5.994844201478467
6.00,4.189718815147384,0.336540016458998,3.959138163792721,5.995505420729765
6.00,61.260067131860055,0.42151088547593524,62.384886390855925,5.998406725956485
6.00,63.28751654157398,0.4208312473922751,64.55421578022616,5.9945438108333144
6.00,29.68658440693371,0.38735724775733416,30.154822686429444,5.995702106509295
6.00,0.48270720939302325,0.03434872841959319,0.33198032697736773,5.994048464935865
8.00,84.5074904964051,1.9520413130470704,86.56975656407091,8.024834453121136
8.00,96.1938303716122,1.9484905535770662,98.69498363012174,8.025987960992715
8.00,82.41239712567521,1.9050151700670033,84.64687811727022,8.005141504058502
8.00,94.15080419863656,1.8933845804147966,96.48366819376739,8.016439047357624
8.00,98.10126497177546,1.957666027108836,100.65486066256314,8.02938788140167
8.00,80.34551076444782,1.9221212437954363,82.61397929527422,8.017493794821421
8.00,76.4590856275433,1.900965383730343,78.56794686766354,8.015687977335446
8.00,78.4284632643022,1.900249850110662,80.59907955429765,8.009789900490524
8.00,72.50646384978376,1.9203154392453645,74.54094998723856,8.018442305086444
8.00,74.502002489866,1.8769002437866011,76.4780640118459,8.016898792550647
8.00,66.7401601361579,1.882452897356267,68.54260098653975,8.009886469232883
8.00,70.5989537811999,1.8917964015876727,72.52250030163053,8.01614009358619
8.00,68.73600603031863,1.9085678105979478,70.56694994825835,8.024543413802434
8.00,60.81889200733601,1.8567755076704096,62.5300885574297,8.011602633056635
8.00,64.62574293576824,1.9024907145843195,66.51024639106369,8.023839137221035
8.00,62.58448110354515,1.8624836510254583,64.39789903405234,8.01769628696423
8.00,58.89116635795219,1.8182804721899901,60.39724145190739,8.016888657702562
8.00,88.40091617879308,1.9300687995407682,90.62941396147278,8.034341541159424
8.00,90.22090684120838,1.917532384971197,92.54979727152298,8.012033980207523
8.00,92.18635348439595,1.9152755044675474,94.55687987264598,8.016933859026155
8.00,36.917481038797874,1.829514081804979,38.2054234533528,8.017711440928764
8.00,46.9368155076588,1.907365607878866,48.323892641218386,8.023584657121777
8.00,48.74570750332792,1.8321168086008113,50.360196335995354,8.0145408789275
8.00,52.760800789980436,1.8351832935863581,54.33672929060048,8.004437987766536
8.00,42.87221676461925,1.8225958608317105,44.281876653999205,8.015984515329356
8.00,40.93882959672883,1.848238997796828,42.270018482371164,8.022396197521036
8.00,56.669948385365586,1.8908067326807403,58.47575608745901,8.005843803122815
8.00,50.83734577060451,1.784875797782617,52.32227417649199,8.024035393740485
8.00,44.98938680400079,1.838710351422908,46.25848922089868,8.01753896155173
8.00,54.769299109994094,1.8777411543309144,56.38803707347863,8.017093846899886
8.00,39.029624085430285,1.8339243373048695,40.244245473732015,8.015935753235551
8.00,25.311613317803353,1.7794407354518007,26.148278863053303,8.027382029653253
8.00,15.334055746116224,1.7279251734895018,16.075157464236547,8.021742080121998
8.00,34.941103615584325,1.8118025965276092,36.11188299922894,8.01828571142236
8.00,31.02966614789789,1.8307652210031347,32.140213809960876,8.02503426783961
8.00,33.04327645300931,1.8049003710669662,34.21943102062043,8.027137596927064
8.00,27.144628266933406,1.7959928022384042,28.17786819917362,8.01673739747037
8.00,23.31132895852358,1.8507582447037216,24.063505790667744,8.013985291351613
8.00,19.33251240624198,1.758351074867764,20.046888630159046,8.017980403443252
8.00,21.346328211779184,1.7677795588450542,22.14628541793183,8.018935901976022
8.00,17.334475042527245,1.7949086275189652,18.005455943963206,8.018233221851307
8.00,29.056593163170387,1.7728268414295343,30.1440235577469,8.018542074467153
8.00,3.70324604232557,1.5130648890858498,4.068663785568918,8.006287294995102
8.00,13.42177801187309,1.7598335509944085,13.96584225888292,8.018090374272418
8.00,7.623314567824155,1.7020875561471418,7.92457845882038,8.013194322490875
8.00,11.53226885742784,1.7366787845654033,12.048511643041225,8.011984476395345
8.00,5.708996874451763,1.6977263012650472,6.063127544840204,8.00853863073657
8.00,0.3983638412306017,0.04186906003813033,0.28647643882176416,8.011741633377852
8.00,1.8547017954377463,1.1663012738676959,2.1010094300121547,8.011444563872361
8.00,86.37295103394639,1.885986994443728,88.58185296662064,8.033278984947554
8.00,9.464894347006734,1.7544405709775868,9.99338249793332,8.02034057880337
10.00,35.54073622267834,5.037963573970762,38.212956817681615,9.909497476379668
10.00,31.73094260733519,4.996654311691662,34.21621154968066,9.920505889790853
10.00,33.51814068064486,5.005031253414532,36.22007169719574,9.900753818365295
10.00,27.56925858179722,4.936577315785357,30.04051982323209,9.910227257579667
10.00,39.463089320908466,5.008483041398519,42.260766860351694,9.891079807868552
10.00,41.33951990831534,5.057957992578379,44.320907594497655,9.923454834853384
10.00,37.45595204703787,5.039845317973714,40.19053441110232,9.929071760019916
10.00,17.89574879685117,4.832544003614969,19.951515763219593,9.906612394790915
10.00,21.79404588270613,4.862600957941323,23.963116417475835,9.916754820599074
10.00,29.583814514866063,4.958995035755575,32.15616183175473,9.917927718751281
10.00,25.66769784184004,4.934626655433583,28.119171951712946,9.902366293120297
10.00,23.849339777287337,4.930570299817793,26.076736279680397,9.915189125307949
10.00,19.867559613601266,4.897480969008137,22.091430535956697,9.933856663105473
10.00,15.938345271702454,4.827825438016679,17.980586232100443,9.923115552366857
10.00,14.083815179133813,4.735296602131301,16.041581368820843,9.922090430732075
10.00,12.125169006554094,4.7208608435848,13.963625961762226,9.899349193412919
10.00,6.552737619689956,4.302589085296673,7.940474836242477,9.924831803518133
10.00,10.270680357211006,4.665152579062929,11.922449674878061,9.916113799802067
10.00,8.210564174434056,4.484905196444374,9.968326401658405,9.912721052863084
10.00,0.36148132731857674,0.07422679561654268,0.35374116596743443,9.88414657497677
10.00,1.450378183440443,2.1278080483963566,2.0113828421014235,9.883534899486875
10.00,4.848250973289234,3.959131023955099,6.103055971191809,9.930494681000287
10.00,2.9680707117587346,3.3654073638431017,4.022569918596816,9.91048432768929
10.00,55.27071693039633,5.117373929619261,58.396761896529846,9.953017110875225
10.00,45.41246167077931,5.10175029669659,48.30726782793662,9.89660328802893
10.00,65.14164911943817,5.166852005475324,68.49259047517477,9.912372260368604
10.00,59.28012419858784,5.166538577051763,62.38123255435084,9.916501694618672
10.00,43.524859276050506,5.0905456533487765,46.32077935441069,9.906079276920057
10.00,57.17434236613483,5.0758304733452855,60.378083151090514,9.895026350868147
10.00,88.69636728045856,5.232082564049543,92.60403838386316,9.918713433297436
10.00,84.92944954490167,5.241467834729122,88.62034740961018,9.905495456279558
10.00,86.6684249380938,5.299432269581602,90.61935099635176,9.934855092205675
10.00,82.84549444598662,5.216491398417679,86.66337881784324,9.92986540458253
10.00,80.90591279381253,5.181389239119719,84.57499763523496,9.918651326698857
10.00,78.78946883943311,5.218682913584524,82.53196395942605,9.924481389945523
10.00,74.91906115936051,5.207153412670491,78.51497293510327,9.928951964299907
10.00,76.85511645297274,5.222221630943608,80.4829704036823,9.894021217855506
10.00,94.44236911669995,5.279142196795268,98.5288716411337,9.926970817393139
10.00,71.1049395260273,5.212531212249178,74.48643769170332,9.925110692865093
10.00,72.93744443014164,5.200937365652975,76.5270078142351,9.93360350102746
10.00,67.24588333124936,5.154618570033971,70.53367280951701,9.950596107300557
10.00,69.12003598812721,5.175380964049591,72.51401881705357,9.938493484144114
10.00,51.35523610110268,5.10012648271084,54.39865577383324,9.952981317644227
10.00,53.24315002890044,5.1082768255991295,56.32375253833857,9.93849191197412
10.00,96.38791513657196,5.28267602335913,100.40331319234441,9.922201018265806
10.00,92.56083259808113,5.28986871689574,96.54242571274041,9.914595321576419
10.00,47.39903954723133,5.115901947203293,50.32604718234882,9.903800939380545
10.00,49.45478591602636,5.073285642168323,52.344784362914325,9.935439074815719
10.00,90.65142549210134,5.297399518185638,94.5223826171611,9.913534604739876
10.00,63.1076358295888,5.144769751115416,66.46263912906258,9.910534148539877
10.00,61.15922518312344,5.12834027779776,64.36873736527694,9.916064637275465
12.00,13.007273506100347,10.620304576742281,17.970011303557936,11.991058061634927
12.00,9.556449638202462,10.172307580458867,13.998443663493452,11.984924123664698
12.00,71.22950091078836,11.836625066681094,78.52298087184414,11.990697435929238
12.00,45.89154497290324,11.368173860321614,52.26512675771484,12.0040556297653
12.00,83.00241863945894,11.959278232702074,90.38687639807009,11.999148146847757
12.00,81.03295178506087,11.945924206707687,88.44636241813453,11.977902440536074
12.00,77.20456981293272,11.866424888353935,84.60785350663376,11.969776718364464
12.00,79.0525233626353,11.931817689758898,86.47976670875101,11.975700657999097
12.00,75.11943756445464,11.897767249803916,82.44740899506787,11.995352420312626
12.00,73.27846921163132,11.852804082385207,80.47762887908665,11.973181620814076
12.00,34.09354136049818,11.133640745376415,40.11708948503119,11.969940737113113
12.00,67.43343940509041,11.7227090648058,74.40850220236933,11.959029473059259
12.00,69.27741948138657,11.793737922006535,76.41098432162748,11.95258216087637
12.00,63.408635847177784,11.68315049170698,70.36752375918878,11.978076001073795
12.00,65.46519590591629,11.759343097059253,72.36050822099027,11.964893046951987
12.00,59.54756040342879,11.652690337719275,66.43301080788075,11.97429714795403
12.00,61.41362145322485,11.63193648066687,68.42608914003489,12.012181187236562
12.00,51.71981051782769,11.47979052443797,58.31613734636408,11.992058765595672
12.00,49.74289698037298,11.43849486165609,56.13825099698066,11.976716343597689
12.00,22.54970953249731,10.929718348848763,27.931991626985713,11.960430202338042
12.00,0.5499289726864733,0.10853499984524001,0.34195440119992604,11.960711856950654
12.00,55.63978297944736,11.564781392615798,62.34415590093429,11.966247192624762
12.00,57.59778033917627,11.562892302300408,64.2801845439168,11.98955671876571
12.00,18.656020517851605,10.85451936371866,23.95857821976296,11.961518180711845
12.00,20.59840880535436,10.866570096323553,26.020788053736954,11.979904788853709
12.00,16.70907313407898,10.803562104279452,21.968861770697178,11.96269474763107
12.00,92.67842396561349,12.120014890946448,100.37783109332459,11.987943683134318
12.00,88.85691662020464,12.030556588713779,96.49722013483083,11.975523670700166
12.00,90.7609132900832,12.119807168164428,98.43526143486388,11.994786172020742
12.00,47.87228817384855,11.382966614859171,54.26077911346279,11.976038642326602
12.00,43.931188522506424,11.359967596351767,50.28930825732245,11.97019540880599
12.00,41.86607873251924,11.251419771242917,48.326248819870145,11.965839593923196
12.00,14.820663784055018,10.644330817295073,20.000121718379614,11.982212076657634
12.00,11.228651967177539,10.377144477502327,15.981952956772837,11.976928080689138
12.00,6.270977794570795,8.977139943826481,9.960340418379284,11.97666924691502
12.00,28.27916845930941,11.085270862034323,34.001613357861416,11.974550291660224
12.00,84.97248525258044,11.997858966723664,92.5195153737848,11.982797109293806
12.00,86.85198958753045,12.055175417729908,94.31637974127294,11.973786277218247
12.00,53.67115542821861,11.569156959756405,60.322649146071164,11.983667270497792
12.00,40.035340716047365,11.316841136188271,46.20377365540611,11.992188994299582
12.00,37.99993939139904,11.180600258962455,44.243044651108725,11.96577404255571
12.00,36.07050916261094,11.221399609772671,42.199773696075674,11.966939353903319
12.00,7.6754722981716235,9.722037082911374,11.795605908557645,11.976043991548293
12.00,3.3131690362098944,6.5765817444479655,5.974085311786232,11.9602592598363
12.00,4.858174650781917,7.949524853212656,7.976395450013746,11.972404207175767
12.00,32.28223263267273,11.131925571056703,38.13689511155831,11.971470252228839
12.00,30.28815929946883,11.065394984992576,36.047877798145066,11.96970224671441
12.00,26.548559282944147,11.039814275995527,32.14753207868374,11.965543173525386
12.00,1.204229525464311,2.7369035462961633,2.07208040082908,11.945361351273556
12.00,24.55014574803987,10.99779575516234,30.04132185423937,11.958072913831057
12.00,2.2099140961811163,4.869635253657313,4.038245287250391,11.970660226152942
14.00,51.01955923957007,22.34519042532928,70.39189495247304,14.009520144797966
14.00,45.84433307400163,22.1312191233331,64.21415595489829,13.985666323060908
14.00,52.87451678266195,22.39421483410941,72.3430423399514,14.011536485607138
14.00,54.68137548562582,22.46656304760181,74.38013125156476,14.011662441516354
14.00,44.08562492468492,21.977281762992313,62.22827231251081,14.022329124025724
14.00,56.43686915483529,22.51824083566203,76.37551538287646,14.01574076039151
14.00,49.39924063181538,22.246488906007123,68.39865751606533,14.008053319876394
14.00,47.49234490946936,22.19775475491612,66.31364226160406,14.005564798054378
14.00,35.074702867593906,21.568422274693233,52.18477316229324,14.038956959119151
14.00,38.54643863251183,21.787878172379234,56.133198064959736,14.00138341379165
14.00,40.35864134544174,21.877486920514762,58.14986629391334,14.017870514097353
14.00,42.18297836879824,21.957409997936303,60.20110692503918,14.034706088835634
14.00,36.7741518427006,21.67003733332492,54.20920286261365,14.019424805426219
14.00,31.663867913601454,21.39994214474691,48.191375006322446,14.005639489148647
14.00,33.23156227519254,21.508681698771653,50.19230444002347,14.00605789694231
14.00,22.93350387533488,20.82644395121358,38.013267831771586,14.028807471146648
14.00,5.345963576615539,13.324499702303687,11.88093476699119,13.970637847822125
14.00,1.0216094838537866,2.9580717105284835,1.9599804686526852,13.959292435954625
14.00,76.3349818235388,23.186738761871396,98.2743377934952,14.018531540874745
14.00,14.80078376303093,19.583572017924855,27.9831910483776,14.002038635052397
14.00,8.428318801071777,16.72136326927671,17.78468248943455,14.000158816063482
14.00,78.14333160929344,23.187335212775167,100.5038813927104,14.012507861282362
14.00,7.304579043312489,15.767946991014231,15.962097831660474,13.991153566629166
14.00,70.80577483510791,23.010227402925047,92.39490962710013,13.996908922151347
14.00,74.53526363406787,23.079999364811286,96.3496486192996,13.999823603799442
14.00,72.67224074569326,23.05897541912647,94.29269584981118,13.997158193719182
14.00,67.52860579043521,22.86674276815367,88.30648263293018,13.999643075807326
14.00,69.21427110791531,22.87580749945768,90.44890505141562,14.000372204873699
14.00,63.808672608039736,22.74635479609125,84.40248396818663,14.011064322081317
14.00,65.6174803310825,22.83174769536428,86.32686379395466,14.018804502791957
14.00,6.23218661466423,14.656057221127224,14.05755935431183,13.981928515051134
14.00,4.282415352344982,11.858733430469691,9.80247999551644,13.983035759894916
14.00,29.75692198884152,21.31870432195132,46.149449888378946,14.000664716362577
14.00,26.288273675015255,21.05060695194313,42.04568423155936,14.030530939258858
14.00,28.048129951032383,21.22210350138684,44.11396320894327,13.995541645020388
14.00,24.697788742112117,20.95959658133826,40.00343586806013,13.994037960413715
14.00,21.36113387966566,20.607518603371904,35.99206570551349,14.007763751309486
14.00,17.973198797097858,20.199427841835384,31.98028445386313,13.986774389132757
14.00,19.638885493772296,20.403972813346645,34.05696861051348,13.988294157526855
14.00,3.3545202712161393,9.971819392946532,7.833866781481544,13.952938646571912
14.00,2.4979535373981636,7.8996946413925455,5.898288019629085,13.997926743807456
14.00,1.839241096892955,5.54625502972378,4.120725057559652,13.960788782783728
14.00,60.09321009897874,22.675980276324523,80.34306924060095,13.992906015192128
14.00,16.490149332252876,19.92315267761052,30.102904033498163,13.991032004913004
14.00,12.048479675876123,18.7975571898248,23.946096367675466,14.002280896786065
14.00,13.448586356937296,19.231242750085844,25.909906165403225,14.00237870417023
14.00,0.3499910713146837,0.1472159025807207,0.30691763960385204,13.930290792460147
14.00,61.755372438355515,22.74810520755268,82.40006113468606,13.988297173441092
14.00,58.287352616155076,22.588437715442815,78.2980898553726,14.003129337758757
14.00,9.624699345953617,17.499361570215758,20.008216281068133,13.993644986207133
14.00,10.746737877142069,18.20705406999962,21.840154496649056,13.991665934584057
16.00,0.3729527449959311,0.12474267948053855,0.2715925256703505,15.977878261834393
16.00,0.9970801121274057,3.1084779475084723,1.9897734638646682,15.983892184790285
16.00,3.3962272266442954,12.943591625010193,9.781248961661287,15.997173773826425
16.00,2.205717003606764,8.528168997086718,5.968962692545498,16.011360517613735
16.00,2.827450264814573,10.806938683953279,7.859029043081595,16.011877232229832
16.00,1.495672403135125,5.874867547023367,3.8807248034355637,15.976050581651899
18.00,3.034544601336418,13.375697878727616,9.970661650562617,18.040496242828244
18.00,2.396647397929032,11.1972690020772,7.971520596787039,18.02962241354488
18.00,1.961531209922493,8.810349198347712,6.077231843117391,18.00836732605152
18.00,0.8631374456017998,3.221220245401541,1.9494085641547796,18.00787405900541
18.00,1.3115436992338458,6.077553569097841,3.970872070465126,17.997970154645216
18.00,0.419218022036267,0.18258947400007758,0.26243451564152154,17.98697163053025
20.00,1.2955561064654824,6.186248486515399,3.973817434155726,20.020097324313884
20.00,1.7335354950216624,8.962432991149758,5.7706301107418065,20.019260842685977
20.00,0.9087525790884997,3.279610956891755,1.946844000555771,20.00699147329503
20.00,0.3071644510681534,0.16127032484552528,0.3584798634512126,20.023365570003463
20.00,2.644645238496082,13.68929839983431,9.853779255950482,20.04911056318958
20.00,2.3010449392612915,11.408068438597542,7.902459367975263,20.031990703934046
